[
  {
    "artist_name": [
      "deadmau5",
      "Kx5",
      "Hayla",
      "Kaskade"
    ],
    "rate": 0,
    "release_date": 2023,
    "song_id": "3VpxEo6vMpi4rQ6t2WVVkK",
    "song_name": "Escape (feat. Hayla)"
  },
  {
    "artist_name": [
      "Felix Raphael",
      "Ben B\u00f6hmer"
    ],
    "rate": 0,
    "release_date": 2023,
    "song_id": "30nygP64gBZqbLoWC72vNq",
    "song_name": "One Last Call"
  },
  {
    "artist_name": [
      "K\u00f6lsch",
      "Perry Farrell"
    ],
    "rate": 0,
    "release_date": 2023,
    "song_id": "3DfzinNKzTSYInk2FKOx1h",
    "song_name": "I Talk To Water (with Perry Farrell)"
  },
  {
    "artist_name": [
      "Le Youth",
      "Jyll",
      "Lane 8"
    ],
    "rate": 0,
    "release_date": 2023,
    "song_id": "2xlSM0k9SCoG6UMaZWWRiC",
    "song_name": "I Will Leave a Light On"
  },
  {
    "artist_name": [
      "Nora En Pure"
    ],
    "rate": 0,
    "release_date": 2023,
    "song_id": "2ZK2PfpK0iri6UduhsblBM",
    "song_name": "Who You Are"
  },
  {
    "artist_name": [
      "Alex Maher",
      "Vandelux"
    ],
    "rate": 0,
    "release_date": 2023,
    "song_id": "5z49EsoURUXq88RSLBmYPG",
    "song_name": "Matter of Time"
  },
  {
    "artist_name": [
      "Elderbrook"
    ],
    "rate": 0,
    "release_date": 2023,
    "song_id": "5UTqHC0FtWx9zPKvva8i9v",
    "song_name": "I Need You"
  },
  {
    "artist_name": [
      "Yotto"
    ],
    "rate": 0,
    "release_date": 2023,
    "song_id": "3U4wxiV8A190qwogybOHC9",
    "song_name": "Just Over"
  },
  {
    "artist_name": [
      "Lavern"
    ],
    "rate": 0,
    "release_date": 2023,
    "song_id": "4SnuG111QPmgwRmlwhJ4Mg",
    "song_name": "Hold Me"
  },
  {
    "artist_name": [
      "Max Milner",
      "CamelPhat"
    ],
    "rate": 0,
    "release_date": 2023,
    "song_id": "5HcFTUjrIn2Z2H87Rr9X7z",
    "song_name": "Hope"
  },
  {
    "artist_name": [
      "Lane 8",
      "Grigor\u00e9"
    ],
    "rate": 0,
    "release_date": 2023,
    "song_id": "0ba74twsUUtdjG6nTc1b83",
    "song_name": "Pipi Dormir"
  },
  {
    "artist_name": [
      "ricky retro",
      "Scorz"
    ],
    "rate": 0,
    "release_date": 2023,
    "song_id": "5h0uSprKS095tjlzkVhG3t",
    "song_name": "Rule The World"
  },
  {
    "artist_name": [
      "MAGNUS",
      "AVAION"
    ],
    "rate": 0,
    "release_date": 2023,
    "song_id": "0CUR9GVPMJmzz9r887N4UV",
    "song_name": "Where did you go"
  },
  {
    "artist_name": [
      "PL\u00dcM"
    ],
    "rate": 0,
    "release_date": 2023,
    "song_id": "4AfGJPK64DlMAy86TtTVUa",
    "song_name": "I Do"
  },
  {
    "artist_name": [
      "Dinia",
      "Lynnic",
      "ItsArius"
    ],
    "rate": 0,
    "release_date": 2023,
    "song_id": "4FtVOZM48CHrItbrqfn9Sd",
    "song_name": "With You"
  },
  {
    "artist_name": [
      "Tonic Walter"
    ],
    "rate": 0,
    "release_date": 2023,
    "song_id": "7LMsAia3rSvaNrHjgfuJzB",
    "song_name": "Into The Night"
  },
  {
    "artist_name": [
      "Marin Lavelle"
    ],
    "rate": 0,
    "release_date": 2023,
    "song_id": "0LUDpqcfCMQy0SPnWaiFir",
    "song_name": "Monday car"
  },
  {
    "artist_name": [
      "EMME",
      "Lincoln Jesser"
    ],
    "rate": 0,
    "release_date": 2023,
    "song_id": "43noj7erQp0en3LWB5pBF4",
    "song_name": "Can't Help But Think About You"
  },
  {
    "artist_name": [
      "Lane 8"
    ],
    "rate": 0,
    "release_date": 2023,
    "song_id": "477nsrJgEucX7WEdxc149q",
    "song_name": "Woman"
  },
  {
    "artist_name": [
      "LYOD"
    ],
    "rate": 0,
    "release_date": 2023,
    "song_id": "4PMb7HNX34bF1Y4i1pgvrR",
    "song_name": "Why Does My Heart"
  },
  {
    "artist_name": [
      "Lizzy Land",
      "Jerro",
      "Le Youth"
    ],
    "rate": 0,
    "release_date": 2023,
    "song_id": "4HWadIQagwXOjf14aUD6qg",
    "song_name": "Lost"
  },
  {
    "artist_name": [
      "Eli & Fur"
    ],
    "rate": 0,
    "release_date": 2023,
    "song_id": "1RuXenlriyybOv1ra0zeSQ",
    "song_name": "Where I Find My Mind"
  },
  {
    "artist_name": [
      "Shallou"
    ],
    "rate": 0,
    "release_date": 2023,
    "song_id": "5xHFQvcmStd8e53BgXChlD",
    "song_name": "See You"
  },
  {
    "artist_name": [
      "OCULA",
      "Emmit Fenn"
    ],
    "rate": 0,
    "release_date": 2023,
    "song_id": "7MNXk2wXG0NNrNWT7grUyC",
    "song_name": "Do You Feel The Same? - OCULA Remix"
  },
  {
    "artist_name": [
      "Lane 8"
    ],
    "rate": 0,
    "release_date": 2023,
    "song_id": "57KkNRa2cLuqdSVhAcEyi4",
    "song_name": "Rave"
  },
  {
    "artist_name": [
      "Vandelux"
    ],
    "rate": 0,
    "release_date": 2023,
    "song_id": "6dB3JYkDHYOIiEG3WpIjde",
    "song_name": "Right Now"
  },
  {
    "artist_name": [
      "Lastlings"
    ],
    "rate": 0,
    "release_date": 2023,
    "song_id": "08SyvlSyeznCXOk4RpumKn",
    "song_name": "Gravity"
  },
  {
    "artist_name": [
      "Nora En Pure"
    ],
    "rate": 0,
    "release_date": 2023,
    "song_id": "038yuRmrY7Vk8d6c3PDs7Q",
    "song_name": "Indulgence"
  },
  {
    "artist_name": [
      "CRi"
    ],
    "rate": 0,
    "release_date": 2023,
    "song_id": "5ciL7TMQsSDLIkrGXuRYbY",
    "song_name": "I Can Make It"
  },
  {
    "artist_name": [
      "Emmit Fenn"
    ],
    "rate": 0,
    "release_date": 2023,
    "song_id": "1vQ4ip1vF9VKRiBQjZ79n9",
    "song_name": "The Chase (Edit)"
  },
  {
    "artist_name": [
      "Lastlings"
    ],
    "rate": 0,
    "release_date": 2023,
    "song_id": "3fPSulmetwSxRIQ8cfU8Yl",
    "song_name": "Perfect World"
  },
  {
    "artist_name": [
      "Tinlicker"
    ],
    "rate": 0,
    "release_date": 2023,
    "song_id": "6irg87ZXAFnNfSSyAN5RQM",
    "song_name": "Starchaser"
  },
  {
    "artist_name": [
      "Something Good",
      "Yotto",
      "Sansa"
    ],
    "rate": 0,
    "release_date": 2023,
    "song_id": "4eAz5Na2BaEVpPxhOrq5pc",
    "song_name": "Before Dawn"
  },
  {
    "artist_name": [
      "anam\u0113"
    ],
    "rate": 0,
    "release_date": 2023,
    "song_id": "4ecUWoInOsa57MZUzmam3h",
    "song_name": "Anywhere (Road Trippin')"
  },
  {
    "artist_name": [
      "Mogli",
      "Jan Blomqvist"
    ],
    "rate": 0,
    "release_date": 2023,
    "song_id": "7tbrktfjBjRc12mE9cV8ri",
    "song_name": "Summer Love - Jan Blomqvist Remix"
  },
  {
    "artist_name": [
      "ORACLE",
      "Nina Carr"
    ],
    "rate": 0,
    "release_date": 2023,
    "song_id": "6jMonGirFrktmZJtzL9p1v",
    "song_name": "Golden"
  },
  {
    "artist_name": [
      "Emmit Fenn"
    ],
    "rate": 0,
    "release_date": 2023,
    "song_id": "0BwDF0PRX9skmZ0BUWmLOF",
    "song_name": "Friends"
  },
  {
    "artist_name": [
      "Exit Coda",
      "Chris Luno"
    ],
    "rate": 0,
    "release_date": 2023,
    "song_id": "5AE9gV2YLkcGwbgcObklNi",
    "song_name": "Those Days"
  },
  {
    "artist_name": [
      "Sultan + Shepard",
      "Delhia De France"
    ],
    "rate": 0,
    "release_date": 2023,
    "song_id": "3V3lXqlWZL7U3LMMgcJmHp",
    "song_name": "Zima"
  },
  {
    "artist_name": [
      "Tonic Walter"
    ],
    "rate": 0,
    "release_date": 2023,
    "song_id": "0K6vzSQFh3aBwwm241oqiE",
    "song_name": "Falling"
  },
  {
    "artist_name": [
      "Nathan Nicholson",
      "Cosmic Gate"
    ],
    "rate": 0,
    "release_date": 2023,
    "song_id": "6u3FD3RhKLcQqgaMmHWBdW",
    "song_name": "Just the Beginning"
  },
  {
    "artist_name": [
      "Lizzy Land",
      "EMBRZ"
    ],
    "rate": 0,
    "release_date": 2023,
    "song_id": "05fPNUOJ5ZwhNBavMU7vIu",
    "song_name": "IOU"
  },
  {
    "artist_name": [
      "Sultan + Shepard",
      "Le Youth",
      "Jyll",
      "Lane 8"
    ],
    "rate": 0,
    "release_date": 2023,
    "song_id": "6wZ8MVg77od27vH3444rW6",
    "song_name": "I Will Leave a Light On - Sultan + Shepard Remix"
  },
  {
    "artist_name": [
      "Dayne S"
    ],
    "rate": 0,
    "release_date": 2023,
    "song_id": "5JmtyZqohN2x2BxdPxC9IY",
    "song_name": "Waves"
  },
  {
    "artist_name": [
      "Sultan + Shepard",
      "Andrew Belle"
    ],
    "rate": 0,
    "release_date": 2023,
    "song_id": "5duIvffaGWg0bJAT9czEuZ",
    "song_name": "Elenore"
  },
  {
    "artist_name": [
      "JLV"
    ],
    "rate": 0,
    "release_date": 2023,
    "song_id": "0infcAnwAyF46VzYkXrlQi",
    "song_name": "Waiting All My Life"
  },
  {
    "artist_name": [
      "Ash"
    ],
    "rate": 0,
    "release_date": 2023,
    "song_id": "2kfFeZl60Lsbyf7Cwos8nw",
    "song_name": "Dreams"
  },
  {
    "artist_name": [
      "Kasbo",
      "Nils Hoffmann",
      "Vancouver Sleep Clinic"
    ],
    "rate": 0,
    "release_date": 2023,
    "song_id": "4wXTePdTVHsFKowOVLVCbs",
    "song_name": "Running In A Dream"
  },
  {
    "artist_name": [
      "Lynnic",
      "ItsArius",
      "Thandi"
    ],
    "rate": 0,
    "release_date": 2023,
    "song_id": "1XvOGEMfHaLZu5opqKqtEz",
    "song_name": "Company"
  },
  {
    "artist_name": [
      "Zonderling"
    ],
    "rate": 0,
    "release_date": 2023,
    "song_id": "1S4S1Ullj9L8WIbtuc3HAU",
    "song_name": "Sirene"
  },
  {
    "artist_name": [
      "Nora En Pure"
    ],
    "rate": 0,
    "release_date": 2023,
    "song_id": "4y8LbsOrJseLAuKrQ1KflP",
    "song_name": "Wholehearted"
  },
  {
    "artist_name": [
      "Malou",
      "Jan Blomqvist"
    ],
    "rate": 0,
    "release_date": 2023,
    "song_id": "7MbRdez8XEknn9z2FqmIM4",
    "song_name": "Alone - Club Version"
  },
  {
    "artist_name": [
      "Sultan + Shepard",
      "Le Youth",
      "Julia Church"
    ],
    "rate": 0,
    "release_date": 2023,
    "song_id": "6Ffy25UA4G6BFw7Q5sS8wB",
    "song_name": "Making Time x Cycles"
  },
  {
    "artist_name": [
      "Julia Church",
      "Yotto",
      "Nils Hoffmann"
    ],
    "rate": 0,
    "release_date": 2023,
    "song_id": "0on4Nj6eERwrMj7wivFewL",
    "song_name": "No Ending - Nils Hoffmann Remix"
  },
  {
    "artist_name": [
      "Ghostly Kisses"
    ],
    "rate": 0,
    "release_date": 2023,
    "song_id": "37mcuOb6LwRA8wuZvySQ43",
    "song_name": "Oublier"
  },
  {
    "artist_name": [
      "Dillistone"
    ],
    "rate": 0,
    "release_date": 2023,
    "song_id": "1ludJD4Vbpy7LRrHDStEkB",
    "song_name": "Lost"
  },
  {
    "artist_name": [
      "Shimmer Johnson",
      "Refeci"
    ],
    "rate": 0,
    "release_date": 2023,
    "song_id": "5kTyN4Oii5v9C0aZ5fq1QV",
    "song_name": "Essence"
  },
  {
    "artist_name": [
      "NORRA"
    ],
    "rate": 0,
    "release_date": 2023,
    "song_id": "6WKBGB00x5X08PwFNBJR6O",
    "song_name": "Just Like That"
  },
  {
    "artist_name": [
      "Refeci",
      "Lucas Estrada",
      "NEIMY"
    ],
    "rate": 0,
    "release_date": 2023,
    "song_id": "14EcgkY4YICkFrujD1NdDp",
    "song_name": "Ocean Quiet (Refeci Remix)"
  },
  {
    "artist_name": [
      "Sultan + Shepard",
      "Sonnee",
      "Andrew Belle"
    ],
    "rate": 0,
    "release_date": 2023,
    "song_id": "5lvYn1cD6rUHkZCSRDuwwp",
    "song_name": "Elenore - Sonnee Remix"
  },
  {
    "artist_name": [
      "The Kite String Tangle",
      "Hollow Coves"
    ],
    "rate": 0,
    "release_date": 2023,
    "song_id": "7zzkfz6RDlOvbYP39p9JP7",
    "song_name": "The Woods - The Kite String Tangle Remix"
  },
  {
    "artist_name": [
      "Carlita",
      "andhim"
    ],
    "rate": 0,
    "release_date": 2023,
    "song_id": "4GQdoFuNNiN3GGj6UrtVR4",
    "song_name": "Life"
  },
  {
    "artist_name": [
      "Tobias Bergson"
    ],
    "rate": 0,
    "release_date": 2023,
    "song_id": "2sHGfbeO6mKILlgOnBzkru",
    "song_name": "Keep On"
  },
  {
    "artist_name": [
      "TWO LANES"
    ],
    "rate": 0,
    "release_date": 2023,
    "song_id": "41pjnlX05tPEa2pOTq0fq0",
    "song_name": "Elements"
  },
  {
    "artist_name": [
      "Christian L\u00f6ffler"
    ],
    "rate": 0,
    "release_date": 2023,
    "song_id": "2HI595p5wIHXoVgo4lOZ3f",
    "song_name": "Brave"
  },
  {
    "artist_name": [
      "Shingo Nakamura"
    ],
    "rate": 0,
    "release_date": 2023,
    "song_id": "3IpPQ5sXybfzGycTxDTe4d",
    "song_name": "Come Closer"
  },
  {
    "artist_name": [
      "Shallou"
    ],
    "rate": 0,
    "release_date": 2023,
    "song_id": "51vJGNySaVSxTmcPotlWrU",
    "song_name": "Losing Focus"
  },
  {
    "artist_name": [
      "Pretty Garter",
      "Latroit",
      "Charlz"
    ],
    "rate": 0,
    "release_date": 2023,
    "song_id": "4bXeqbONCSECKqU3XpA5eT",
    "song_name": "Into The Sun - Chill Mix"
  },
  {
    "artist_name": [
      "CRi"
    ],
    "rate": 0,
    "release_date": 2023,
    "song_id": "045XVRhD2NCR8LtNVR1Yqh",
    "song_name": "Gemini"
  },
  {
    "artist_name": [
      "Kasbo"
    ],
    "rate": 0,
    "release_date": 2023,
    "song_id": "6zynDuNBoBD7AITlS2htjj",
    "song_name": "Alive - Edit"
  },
  {
    "artist_name": [
      "Leo Stannard",
      "Forester"
    ],
    "rate": 0,
    "release_date": 2023,
    "song_id": "2Rzn7HieHsGDMIJNNGFKyg",
    "song_name": "Pieces"
  },
  {
    "artist_name": [
      "EDX"
    ],
    "rate": 0,
    "release_date": 2023,
    "song_id": "15rcRND7PZnQfia24fbWRo",
    "song_name": "Renascence"
  },
  {
    "artist_name": [
      "Kuala",
      "Klur",
      "PRAANA"
    ],
    "rate": 0,
    "release_date": 2023,
    "song_id": "0DzRRsU837SFfGg3qHggZt",
    "song_name": "Breathe In"
  },
  {
    "artist_name": [
      "Nora En Pure"
    ],
    "rate": 0,
    "release_date": 2023,
    "song_id": "3O8mYey47FBULcCK9pkXon",
    "song_name": "Illusions"
  },
  {
    "artist_name": [
      "ANDREWBATES",
      "Sam Wiseman",
      "Idun Nicoline"
    ],
    "rate": 0,
    "release_date": 2023,
    "song_id": "0ExkHA0DRWUHCUNVEdpabl",
    "song_name": "Loving Blind"
  },
  {
    "artist_name": [
      "Refeci",
      "Donner",
      "Harrison"
    ],
    "rate": 0,
    "release_date": 2023,
    "song_id": "4Rz0P4dIS3gLBoPKhzNxXa",
    "song_name": "Hush Hush"
  },
  {
    "artist_name": [
      "S:NE",
      "Thaylo"
    ],
    "rate": 0,
    "release_date": 2023,
    "song_id": "1cbTtMT1nXnvZf93ZYnSSj",
    "song_name": "Life"
  },
  {
    "artist_name": [
      "Le Youth",
      "Kairos Grove"
    ],
    "rate": 0,
    "release_date": 2023,
    "song_id": "4oUj06hhZqGOjdDEOFZGC0",
    "song_name": "I Don't Mind"
  },
  {
    "artist_name": [
      "andhim"
    ],
    "rate": 0,
    "release_date": 2023,
    "song_id": "2olzFCSJhJvc8KVxwH4J9b",
    "song_name": "I Love You"
  },
  {
    "artist_name": [
      "Diviners",
      "Laura Warshauer",
      "Ason ID"
    ],
    "rate": 0,
    "release_date": 2023,
    "song_id": "3KLtBJPFCLjQtO3GHAsLbt",
    "song_name": "Like Somebody (feat. Laura Warshauer)"
  },
  {
    "artist_name": [
      "LE YORA",
      "JEWELS",
      "MAGNUS",
      "YUMA",
      "SOMMA"
    ],
    "rate": 0,
    "release_date": 2023,
    "song_id": "33gTKCdlC5OTe156GIiYVo",
    "song_name": "More Than I Should Know"
  },
  {
    "artist_name": [
      "ayokay"
    ],
    "rate": 0,
    "release_date": 2023,
    "song_id": "4XP2pExyEeLkOAlb6mJ5aP",
    "song_name": "Here, Forever"
  },
  {
    "artist_name": [
      "Booka Shade",
      "Satin Jackets"
    ],
    "rate": 0,
    "release_date": 2023,
    "song_id": "0rJqFVbel8SRHrKhgylnvh",
    "song_name": "Fusion Royale"
  },
  {
    "artist_name": [
      "Le Youth"
    ],
    "rate": 0,
    "release_date": 2023,
    "song_id": "7fJ5UGjo2oiNG1pmIboATC",
    "song_name": "Morning Light"
  },
  {
    "artist_name": [
      "Dirty South",
      "Julia Church"
    ],
    "rate": 0,
    "release_date": 2023,
    "song_id": "3TAZUZfPkUWwf2ncERajnO",
    "song_name": "Home In My Hand"
  },
  {
    "artist_name": [
      "Fejk\u00e1",
      "Maybemahri",
      "Jan Blomqvist"
    ],
    "rate": 0,
    "release_date": 2023,
    "song_id": "5rWRtUt00uxitABP3ZYDC4",
    "song_name": "Kaleidoscope Colours - Fejk\u00e1 Remix"
  },
  {
    "artist_name": [
      "Drake",
      "J. Cole"
    ],
    "rate": 0,
    "release_date": 2023,
    "song_id": "7aqfrAY2p9BUSiupwk3svU",
    "song_name": "First Person Shooter (feat. J. Cole)"
  },
  {
    "artist_name": [
      "21 Savage",
      "d4vd"
    ],
    "rate": 0,
    "release_date": 2023,
    "song_id": "6m0S4wcG6sTCP010ZrgdJI",
    "song_name": "Call Me Revenge - Call of Duty: Modern Warfare 3"
  },
  {
    "artist_name": [
      "Future",
      "Rick Ross",
      "Meek Mill"
    ],
    "rate": 0,
    "release_date": 2023,
    "song_id": "7IO82Ra3uz8PgcCP1RZpBp",
    "song_name": "In Luv With The Money"
  },
  {
    "artist_name": [
      "Charli XCX",
      "Sam Smith"
    ],
    "rate": 0,
    "release_date": 2023,
    "song_id": "3xY5aYJcdvZX9xQxNd02ku",
    "song_name": "In The City"
  },
  {
    "artist_name": [
      "Bump J",
      "\u00a5$",
      "Kanye West",
      "Ty Dolla $ign"
    ],
    "rate": 0,
    "release_date": 2023,
    "song_id": "21vc2kQZMS00cAyNT82a1M",
    "song_name": "Vultures"
  },
  {
    "artist_name": [
      "lucidbeatz",
      "Ufo361"
    ],
    "rate": 0,
    "release_date": 2023,
    "song_id": "3Kyr6BCVS8sKCdqJmdTFB7",
    "song_name": "Match_3"
  },
  {
    "artist_name": [
      "The Weeknd",
      "Lily-Rose Depp",
      "JENNIE"
    ],
    "rate": 0,
    "release_date": 2023,
    "song_id": "3bWm8ejTzkMhPSdBnpxLvl",
    "song_name": "One Of The Girls - Slowed"
  },
  {
    "artist_name": [
      "Coco & Breezy",
      "House Gospel Choir",
      "Shouse"
    ],
    "rate": 1,
    "release_date": 2023,
    "song_id": "22NJL6tmHY3doX9E6sZqQi",
    "song_name": "Your Love (feat. House Gospel Choir) (Coco & Breezy Remix)"
  },
  {
    "artist_name": [
      "Fred again..",
      "Baby Keem"
    ],
    "rate": 2,
    "release_date": 2023,
    "song_id": "1MVqeIAwhD4T44AKVkIfic",
    "song_name": "leavemealone"
  },
  {
    "artist_name": [
      "David Guetta",
      "Ti\u00ebsto",
      "Seth Hills"
    ],
    "rate": 3,
    "release_date": 2023,
    "song_id": "6b7Z5ICFy6TbQwshMr9ORO",
    "song_name": "BOTH - David Guetta & Seth Hills Remix"
  },
  {
    "artist_name": [
      "MEDUZA",
      "Ferreck Dawn",
      "Clementine Douglas"
    ],
    "rate": 4,
    "release_date": 2023,
    "song_id": "4yagkb6nJCRcfjUhaOVHTw",
    "song_name": "I Got Nothing"
  },
  {
    "artist_name": [
      "Emmit Fenn",
      "A7S",
      "Kaskade"
    ],
    "rate": 0,
    "release_date": 2023,
    "song_id": "2hHdNPdY3oXDfCi8F4TKl5",
    "song_name": "Brighter - A7S Remix"
  },
  {
    "artist_name": [
      "Mavi"
    ],
    "rate": 1,
    "release_date": 2023,
    "song_id": "6F4qoO0MHqf4XtnZ91QeGK",
    "song_name": "sadece r\u00fcyayd\u0131n"
  },
  {
    "artist_name": [
      "Murda",
      "Spanker"
    ],
    "rate": 2,
    "release_date": 2023,
    "song_id": "5VQdi4PLP9lmAgrI7t2IUb",
    "song_name": "Durma"
  },
  {
    "artist_name": [
      "Braxe + Falcon",
      "Nothing But Thieves",
      "Purple Disco Machine",
      "Duke Dumont"
    ],
    "rate": 3,
    "release_date": 2023,
    "song_id": "2E4QkgUvRp0h7NLH6btdnv",
    "song_name": "Something On My Mind - Braxe + Falcon Remix"
  },
  {
    "artist_name": [
      "Diplo",
      "Maren Morris"
    ],
    "rate": 4,
    "release_date": 2023,
    "song_id": "5PIhpG2ax06QpBLRqlYQql",
    "song_name": "42"
  },
  {
    "artist_name": [
      "charlieonnafriday",
      "Loud Luxury"
    ],
    "rate": 0,
    "release_date": 2023,
    "song_id": "3KtqBwqDbjxjXmJQ2gmtzW",
    "song_name": "Young & Foolish"
  },
  {
    "artist_name": [
      "Jem Cooke",
      "CamelPhat",
      "Jules Buckley",
      "Pete Tong"
    ],
    "rate": 1,
    "release_date": 2023,
    "song_id": "0321tW7ADJXg0hRi6nlnUj",
    "song_name": "Heat Rising (feat. Jules Buckley) - CamelPhat Remix"
  },
  {
    "artist_name": [
      "Powerwolf"
    ],
    "rate": 2,
    "release_date": 2023,
    "song_id": "12Y5yksLToukuJ7e5DHb7Z",
    "song_name": "Bark At The Moon"
  },
  {
    "artist_name": [
      "VNTM",
      "TWO LANES"
    ],
    "rate": 3,
    "release_date": 2023,
    "song_id": "1s38epO7QyPcn7aAIUdT27",
    "song_name": "Searching (VNTM Remix)"
  },
  {
    "artist_name": [
      "NORRA",
      "AVNT:GRD",
      "ANY"
    ],
    "rate": 4,
    "release_date": 2023,
    "song_id": "3aiaO0A0vgVn169PjymdBQ",
    "song_name": "Lights Out"
  },
  {
    "artist_name": [
      "Le Youth",
      "Gem & Tauri"
    ],
    "rate": 0,
    "release_date": 2023,
    "song_id": "5J6rADpg1cIAmHJpKhSbX2",
    "song_name": "Morning Light - Gem & Tauri Remix"
  },
  {
    "artist_name": [
      "Lost Boy",
      "Yotto",
      "Nicky Elisabeth"
    ],
    "rate": 1,
    "release_date": 2023,
    "song_id": "6bZHIYoZn2Lz8sOGZCthYQ",
    "song_name": "Just The Kinda Feeling - Nicky Elisabeth Remix"
  },
  {
    "artist_name": [
      "Lancey Foux",
      "Ufo361"
    ],
    "rate": 2,
    "release_date": 2023,
    "song_id": "1hzsh3Lz4R9Fr7kTp0jgPX",
    "song_name": "VIVIENNE WESTWOOD (feat. Lancey Foux)"
  },
  {
    "artist_name": [
      "Lana Del Rey"
    ],
    "rate": 3,
    "release_date": 2023,
    "song_id": "7qF0FfuzBFwMe1lNHkEDxW",
    "song_name": "Take Me Home, Country Roads"
  },
  {
    "artist_name": [
      "BEGE"
    ],
    "rate": 4,
    "release_date": 2023,
    "song_id": "2oGQjm4YLHU5roYaF2Mwn0",
    "song_name": "Markakalite"
  },
  {
    "artist_name": [
      "Sam Smith",
      "Calvin Harris"
    ],
    "rate": 0,
    "release_date": 2023,
    "song_id": "6r9VRGD1Z1L2D4SqcKyT9T",
    "song_name": "Desire - Calvin Harris VIP Mix"
  },
  {
    "artist_name": [
      "Perdenin Ard\u0131ndakiler"
    ],
    "rate": 1,
    "release_date": 2023,
    "song_id": "6DYITgvr1WXfsFEDbbaZeV",
    "song_name": "G\u00f6nl\u00fcme H\u00fckmedemem"
  },
  {
    "artist_name": [
      "Lvbel C5",
      "cakal"
    ],
    "rate": 2,
    "release_date": 2023,
    "song_id": "7FVpfqKuhl9OYsFUHiZV4T",
    "song_name": "JET BABA"
  },
  {
    "artist_name": [
      "Demir Demirkan",
      "Hayko Cepkin"
    ],
    "rate": 3,
    "release_date": 2023,
    "song_id": "7GC5cGgz54BCA2eeX8e3F1",
    "song_name": "Kahpe - Live at Canavar Studios"
  },
  {
    "artist_name": [
      "BUNT.",
      "AVAION"
    ],
    "rate": 4,
    "release_date": 2023,
    "song_id": "74qKLdiiTnXNqh2Co21RlJ",
    "song_name": "Other Side"
  },
  {
    "artist_name": [
      "Alba",
      "Hidra"
    ],
    "rate": 0,
    "release_date": 2023,
    "song_id": "3pHK4PLlvfbn2PseDrzRTN",
    "song_name": "Ghetto Shit"
  },
  {
    "artist_name": [
      "Ravend",
      "Rohan"
    ],
    "rate": 1,
    "release_date": 2023,
    "song_id": "6sLY1NtR8VJH2g2d3GSRgq",
    "song_name": "CANI YANAN SABRETS\u0130N"
  },
  {
    "artist_name": [
      "Gucci Mane",
      "Big Scarr"
    ],
    "rate": 2,
    "release_date": 2023,
    "song_id": "2EgthgK5Wt6SLTLPQZsDa3",
    "song_name": "Snot (feat. Gucci Mane)"
  },
  {
    "artist_name": [
      "Le Youth",
      "Jyll",
      "Lane 8"
    ],
    "rate": 3,
    "release_date": 2023,
    "song_id": "1i10q9cRbd1n0AmZBNqDWS",
    "song_name": "I Will Leave a Light On (ABGT556) - Sultan + Shepard Remix"
  },
  {
    "artist_name": [
      "Nora En Pure"
    ],
    "rate": 4,
    "release_date": 2023,
    "song_id": "6D11LKlEYTF9URakCVjhvO",
    "song_name": "Emerald Skies"
  }
]
