[
  {
    "artist_name": "Nora En Pure",
    "picture": "https://i.scdn.co/image/ab67616d0000b273bacc7255fe653f1ae7cd2bb9",
    "songLength": 262000,
    "song_id": "2ZK2PfpK0iri6UduhsblBM",
    "song_name": "Who You Are"
  },
  {
    "artist_name": "Klangkarussell",
    "picture": "https://i.scdn.co/image/ab67616d0000b27371ae6c0a67c3e720fe7b85f2",
    "songLength": 331381,
    "song_id": "0qHD5pzpp1zSPa5Ud74WDC",
    "song_name": "Ghostkeeper"
  },
  {
    "artist_name": "Rhye",
    "picture": "https://i.scdn.co/image/ab67616d0000b273d266d98f5f9a0ba1fd1aeac1",
    "songLength": 310133,
    "song_id": "1hgX0ZmmP7IRRjUFCIBrnQ",
    "song_name": "Feel Your Weight - Poolside Remix"
  },
  {
    "artist_name": "Lane 8",
    "picture": "https://i.scdn.co/image/ab67616d0000b2733acc4a91d42b642dfffafadd",
    "songLength": 394838,
    "song_id": "0ba74twsUUtdjG6nTc1b83",
    "song_name": "Pipi Dormir"
  },
  {
    "artist_name": "Lane 8",
    "picture": "https://i.scdn.co/image/ab67616d0000b27382d3aed4ee90fdcacd9fd951",
    "songLength": 627096,
    "song_id": "477nsrJgEucX7WEdxc149q",
    "song_name": "Woman"
  },
  {
    "artist_name": "Shallou",
    "picture": "https://i.scdn.co/image/ab67616d0000b2734749d4c9cab481f512c15be5",
    "songLength": 283953,
    "song_id": "5xHFQvcmStd8e53BgXChlD",
    "song_name": "See You"
  },
  {
    "artist_name": "Lane 8",
    "picture": "https://i.scdn.co/image/ab67616d0000b2734cb1018eb7ffbc5e65d18db6",
    "songLength": 288387,
    "song_id": "57KkNRa2cLuqdSVhAcEyi4",
    "song_name": "Rave"
  },
  {
    "artist_name": "Nora En Pure",
    "picture": "https://i.scdn.co/image/ab67616d0000b273907281635ae7efc0fdf9a411",
    "songLength": 269508,
    "song_id": "038yuRmrY7Vk8d6c3PDs7Q",
    "song_name": "Indulgence"
  },
  {
    "artist_name": "JLV",
    "picture": "https://i.scdn.co/image/ab67616d0000b27327d78ae0e3869626ec22f441",
    "songLength": 193548,
    "song_id": "0infcAnwAyF46VzYkXrlQi",
    "song_name": "Waiting All My Life"
  },
  {
    "artist_name": "Nora En Pure",
    "picture": "https://i.scdn.co/image/ab67616d0000b273dea5f64a47ae8e6064d54f4d",
    "songLength": 206612,
    "song_id": "4y8LbsOrJseLAuKrQ1KflP",
    "song_name": "Wholehearted"
  },
  {
    "artist_name": "Dillistone",
    "picture": "https://i.scdn.co/image/ab67616d0000b2738330777767541f11bb84be01",
    "songLength": 194730,
    "song_id": "1ludJD4Vbpy7LRrHDStEkB",
    "song_name": "Lost"
  },
  {
    "artist_name": "Lucas Estrada",
    "picture": "https://i.scdn.co/image/ab67616d0000b2734141c9ce10551379a136f4db",
    "songLength": 164812,
    "song_id": "14EcgkY4YICkFrujD1NdDp",
    "song_name": "Ocean Quiet (Refeci Remix)"
  },
  {
    "artist_name": "Christian L\u00f6ffler",
    "picture": "https://i.scdn.co/image/ab67616d0000b2737abc7d79f9c3ad61fa434c9f",
    "songLength": 230074,
    "song_id": "2HI595p5wIHXoVgo4lOZ3f",
    "song_name": "Brave"
  },
  {
    "artist_name": "Shallou",
    "picture": "https://i.scdn.co/image/ab67616d0000b273f20d69c5ce938d913c3df327",
    "songLength": 214266,
    "song_id": "51vJGNySaVSxTmcPotlWrU",
    "song_name": "Losing Focus"
  },
  {
    "artist_name": "Kasbo",
    "picture": "https://i.scdn.co/image/ab67616d0000b273f81bdac302026a18ef4332c2",
    "songLength": 216247,
    "song_id": "6zynDuNBoBD7AITlS2htjj",
    "song_name": "Alive - Edit"
  },
  {
    "artist_name": "EDX",
    "picture": "https://i.scdn.co/image/ab67616d0000b273e3d4718ac2af45ac03f39c80",
    "songLength": 225000,
    "song_id": "15rcRND7PZnQfia24fbWRo",
    "song_name": "Renascence"
  },
  {
    "artist_name": "Nora En Pure",
    "picture": "https://i.scdn.co/image/ab67616d0000b273202880dc0c5c2870494f6081",
    "songLength": 236129,
    "song_id": "3O8mYey47FBULcCK9pkXon",
    "song_name": "Illusions"
  },
  {
    "artist_name": "ayokay",
    "picture": "https://i.scdn.co/image/ab67616d0000b273bc2907cb33fce1238ac334bd",
    "songLength": 163347,
    "song_id": "4XP2pExyEeLkOAlb6mJ5aP",
    "song_name": "Here, Forever"
  },
  {
    "artist_name": "Dirty South",
    "picture": "https://i.scdn.co/image/ab67616d0000b273139d338df6abbbf11d4045f4",
    "songLength": 298064,
    "song_id": "3TAZUZfPkUWwf2ncERajnO",
    "song_name": "Home In My Hand"
  },
  {
    "artist_name": "Ebru G\u00fcnde\u015f",
    "picture": "https://i.scdn.co/image/ab67616d0000b273202e403474e22c7d7575dd2a",
    "songLength": 190800,
    "song_id": "4zTOUtukd52LzS3bLWwzGc",
    "song_name": "\u00c7ingenem"
  },
  {
    "artist_name": "\u015eebnem Ferah",
    "picture": "https://i.scdn.co/image/ab67616d0000b2737387bfdc96c76bcd694b62ff",
    "songLength": 268515,
    "song_id": "3Ommpa2aE0RU3F04BedepA",
    "song_name": "Bu A\u015fk Fazla Sana"
  },
  {
    "artist_name": "Ebru G\u00fcnde\u015f",
    "picture": "https://i.scdn.co/image/ab67616d0000b273095ac754ddafc61164b00328",
    "songLength": 300266,
    "song_id": "4g1sEDAK74cYbJAQsd5Tzp",
    "song_name": "Demir Att\u0131m"
  },
  {
    "artist_name": "\u015eebnem Ferah",
    "picture": "https://i.scdn.co/image/ab67616d0000b2737387bfdc96c76bcd694b62ff",
    "songLength": 306967,
    "song_id": "6xCPxUo1OHGQpaN3CMb7DN",
    "song_name": "Ya\u011fmurlar"
  },
  {
    "artist_name": "A\u015fk\u0131n Nur Yengi",
    "picture": "https://i.scdn.co/image/ab67616d0000b273ac6a84c15328dda047d4d301",
    "songLength": 261093,
    "song_id": "7zSjskxzmhkzg9TD25JmFJ",
    "song_name": "Ay \u0130nanm\u0131yorum"
  },
  {
    "artist_name": "Sezen Aksu",
    "picture": "https://i.scdn.co/image/ab67616d0000b2739bf18ee39d3ae9968bfb7be0",
    "songLength": 278133,
    "song_id": "3HrH0tLPJHsweeAlw3leQO",
    "song_name": "Zalim"
  },
  {
    "artist_name": "Drake",
    "picture": "https://i.scdn.co/image/ab67616d0000b2737d384516b23347e92a587ed1",
    "songLength": 247444,
    "song_id": "7aqfrAY2p9BUSiupwk3svU",
    "song_name": "First Person Shooter (feat. J. Cole)"
  },
  {
    "artist_name": "Charli XCX",
    "picture": "https://i.scdn.co/image/ab67616d0000b27312ca03448e4f565f0e45d837",
    "songLength": 176479,
    "song_id": "3xY5aYJcdvZX9xQxNd02ku",
    "song_name": "In The City"
  },
  {
    "artist_name": "Swedish House Mafia",
    "picture": "https://i.scdn.co/image/ab67616d0000b273bd6f8ac82dc5fe1028c14f7d",
    "songLength": 234000,
    "song_id": "0VO8gYVDSwM1Qdd2GsMoYK",
    "song_name": "Moth To A Flame (with The Weeknd)"
  },
  {
    "artist_name": "Oasis",
    "picture": "https://i.scdn.co/image/ab67616d0000b27385e5dcc05cc216a10f141480",
    "songLength": 289560,
    "song_id": "0UvCh63URrLFcPkKt99hHd",
    "song_name": "Don't Look Back in Anger - Remastered"
  },
  {
    "artist_name": "Oasis",
    "picture": "https://i.scdn.co/image/ab67616d0000b273c9048a825ef38953951d01a4",
    "songLength": 331653,
    "song_id": "0SbytvHLix8OCZp17Pi0O1",
    "song_name": "Let There Be Love"
  },
  {
    "artist_name": "Oasis",
    "picture": "https://i.scdn.co/image/ab67616d0000b273ecaed060a7fd28be92069778",
    "songLength": 356600,
    "song_id": "2gANywSFYF58YFMPdDSAjC",
    "song_name": "Stand by Me"
  },
  {
    "artist_name": "Oasis",
    "picture": "https://i.scdn.co/image/ab67616d0000b2739b01ad96a553339888cf539d",
    "songLength": 322946,
    "song_id": "1lCuf3uU0ZdAiqxVuZUv67",
    "song_name": "Rock \u2018n\u2019 Roll Star - Remastered"
  },
  {
    "artist_name": "Hailee Steinfeld",
    "picture": "https://i.scdn.co/image/ab67616d0000b273523eb48df1fa22b6d450833e",
    "songLength": 174800,
    "song_id": "5Gu0PDLN4YJeW75PpBSg9p",
    "song_name": "Let Me Go (with Alesso, Florida Georgia Line & watt)"
  },
  {
    "artist_name": "Fall Out Boy",
    "picture": "https://i.scdn.co/image/ab67616d0000b2739e74f9f0a2e01094e3b5f1d8",
    "songLength": 228360,
    "song_id": "0yhPEz5KxlDwckGJaMlZqM",
    "song_name": "Centuries"
  },
  {
    "artist_name": "The 1975",
    "picture": "https://i.scdn.co/image/ab67616d0000b27304f21e12e67ba0dfd5db4fbf",
    "songLength": 254620,
    "song_id": "5WSdMcWTKRdN1QYVJHJWxz",
    "song_name": "Girls"
  },
  {
    "artist_name": "The 1975",
    "picture": "https://i.scdn.co/image/ab67616d0000b273ca0cafbd7e5fad74742369ec",
    "songLength": 216778,
    "song_id": "6foAjYKVNKWnZMDmrt2LE7",
    "song_name": "Chocolate - Spotify Sessions Curated by Jim Eno"
  },
  {
    "artist_name": "Oasis",
    "picture": "https://i.scdn.co/image/ab67616d0000b27386dc8247386a1d2d19d3629c",
    "songLength": 283706,
    "song_id": "0t2TNeixujbaKqEeMSXaLu",
    "song_name": "Supersonic"
  },
  {
    "artist_name": "M83",
    "picture": "https://i.scdn.co/image/ab67616d0000b27395e27fa175bad6817721f1ca",
    "songLength": 217440,
    "song_id": "7DzQAoFm8oJIZjXXif6mcn",
    "song_name": "Do It, Try It"
  },
  {
    "artist_name": "Twenty One Pilots",
    "picture": "https://i.scdn.co/image/ab67616d0000b273768828c6867cd0472fc84e4d",
    "songLength": 324466,
    "song_id": "23OXdR7YuUBVWh5hSnYJau",
    "song_name": "Chlorine"
  },
  {
    "artist_name": "Catfish and the Bottlemen",
    "picture": "https://i.scdn.co/image/ab67616d0000b273835a9e77dae1c928f871ac73",
    "songLength": 188440,
    "song_id": "0ZfEeIu7CNHQhbCTiVv3cx",
    "song_name": "2all"
  },
  {
    "artist_name": "Liam Gallagher",
    "picture": "https://i.scdn.co/image/ab67616d0000b27376b28d3383d44759a5859f63",
    "songLength": 213677,
    "song_id": "34fv3psKQOOwWZBRxoIF4I",
    "song_name": "Once"
  },
  {
    "artist_name": "The Verve",
    "picture": "https://i.scdn.co/image/ab67616d0000b273707d13d3f87652e737e94d45",
    "songLength": 357266,
    "song_id": "57iDDD9N9tTWe75x6qhStw",
    "song_name": "Bitter Sweet Symphony - Remastered 2016"
  },
  {
    "artist_name": "Oasis",
    "picture": "https://i.scdn.co/image/ab67616d0000b2737a3861e1512367b5aef3bc8c",
    "songLength": 309266,
    "song_id": "228IGk2yV7MtOZuiputI6S",
    "song_name": "Don't Look Back in Anger - Live at Wembley Stadium, 2000"
  },
  {
    "artist_name": "Oasis",
    "picture": "https://i.scdn.co/image/ab67616d0000b273580abb98fc826cfe362a65cb",
    "songLength": 382266,
    "song_id": "7rpUsVjQyitDQ27NRybgZl",
    "song_name": "Whatever - Remastered"
  },
  {
    "artist_name": "Oasis",
    "picture": "https://i.scdn.co/image/ab67616d0000b27385e5dcc05cc216a10f141480",
    "songLength": 451320,
    "song_id": "1wo3UYTeizJHkwYIuLuBPF",
    "song_name": "Champagne Supernova - Remastered"
  },
  {
    "artist_name": "Oasis",
    "picture": "https://i.scdn.co/image/ab67616d0000b27385e5dcc05cc216a10f141480",
    "songLength": 258773,
    "song_id": "5qqabIl2vWzo9ApSC317sa",
    "song_name": "Wonderwall - Remastered"
  },
  {
    "artist_name": "G\u00fcl\u015fen",
    "picture": "https://i.scdn.co/image/ab67616d0000b273ac428bcafeaa5ac5ed2e41c7",
    "songLength": 233630,
    "song_id": "2F2Mve0qkQSrKY5OOnsHdz",
    "song_name": "Bang\u0131r Bang\u0131r"
  },
  {
    "artist_name": "G\u00fcl\u015fen",
    "picture": "https://i.scdn.co/image/ab67616d0000b273ac428bcafeaa5ac5ed2e41c7",
    "songLength": 262754,
    "song_id": "45UDchRAalykH0Pe2OOqxF",
    "song_name": "Bir F\u0131rt \u00c7ek"
  },
  {
    "artist_name": "Blur",
    "picture": "https://i.scdn.co/image/ab67616d0000b273de114203356c1f7b136960b6",
    "songLength": 121160,
    "song_id": "1FTSo4v6BOZH9QxKc3MbVM",
    "song_name": "Song 2 - 2012 Remaster"
  },
  {
    "artist_name": "Oasis",
    "picture": "https://i.scdn.co/image/ab67616d0000b2736264cf7867d8133bf9650368",
    "songLength": 449506,
    "song_id": "5GGTgkmfEzkhAfmG0hxXk9",
    "song_name": "Champagne Supernova"
  },
  {
    "artist_name": "Sting",
    "picture": "https://i.scdn.co/image/ab67616d0000b273653b110d9560eb1656f4c583",
    "songLength": 279226,
    "song_id": "6CKoWCWAqEVWVjpeoJXyNH",
    "song_name": "Shape Of My Heart"
  },
  {
    "artist_name": "Ayten Alpman",
    "picture": "https://i.scdn.co/image/ab67616d0000b27301c7d91c1193b4508869f6e8",
    "songLength": 257866,
    "song_id": "0dmOxu6oiMnXEzxDVJyQGv",
    "song_name": "Tek Ba\u015f\u0131na"
  },
  {
    "artist_name": "Mario",
    "picture": "https://i.scdn.co/image/ab67616d0000b273ba8db944ef3e2846ba9efa57",
    "songLength": 249120,
    "song_id": "7GaFYUqP2WdR4KTPk7cXoP",
    "song_name": "Let Me Love You"
  },
  {
    "artist_name": "Y\u0131ld\u0131z Tilbe",
    "picture": "https://i.scdn.co/image/ab67616d0000b27399561447ec4230ac9aaa9550",
    "songLength": 282226,
    "song_id": "411ymbMvXsqsq7gWmiCeZD",
    "song_name": "Vazge\u00e7tim"
  },
  {
    "artist_name": "Madonna",
    "picture": "https://i.scdn.co/image/ab67616d0000b27329df4cca40ab43dd830cf555",
    "songLength": 139636,
    "song_id": "34itnB3u4NTwj9ctVfiPmC",
    "song_name": "Frozen (feat. 070 Shake)"
  },
  {
    "artist_name": "Snoop Dogg",
    "picture": "https://i.scdn.co/image/ab67616d0000b273733af86f8dea9692a3f59d29",
    "songLength": 246400,
    "song_id": "3g1mP8c79KbkWDhED5tyKZ",
    "song_name": "Ain\u2019t No Fun (If The Homies Can\u2019t Have None)"
  },
  {
    "artist_name": "Nil\u00fcfer",
    "picture": "https://i.scdn.co/image/ab67616d0000b27389bfb53fdd490f0384d146e0",
    "songLength": 213000,
    "song_id": "4Q8RkSigphYoi9lFm5nFBW",
    "song_name": "Ta Uzak Yollardan"
  },
  {
    "artist_name": "The Weeknd",
    "picture": "https://i.scdn.co/image/ab67616d0000b273fab8b9788d94224614c49185",
    "songLength": 305855,
    "song_id": "3bWm8ejTzkMhPSdBnpxLvl",
    "song_name": "One Of The Girls - Slowed"
  },
  {
    "artist_name": "Ti\u00ebsto",
    "picture": "https://i.scdn.co/image/ab67616d0000b273695ed419803f4e369454473b",
    "songLength": 161904,
    "song_id": "6b7Z5ICFy6TbQwshMr9ORO",
    "song_name": "BOTH - David Guetta & Seth Hills Remix"
  },
  {
    "artist_name": "MEDUZA",
    "picture": "https://i.scdn.co/image/ab67616d0000b2735f6b4d60420bed37057115d4",
    "songLength": 203540,
    "song_id": "4yagkb6nJCRcfjUhaOVHTw",
    "song_name": "I Got Nothing"
  },
  {
    "artist_name": "Kaskade",
    "picture": "https://i.scdn.co/image/ab67616d0000b273bca20b9c0ad3f4bdb657ec8b",
    "songLength": 232617,
    "song_id": "2hHdNPdY3oXDfCi8F4TKl5",
    "song_name": "Brighter - A7S Remix"
  },
  {
    "artist_name": "Spanker",
    "picture": "https://i.scdn.co/image/ab67616d0000b2737d1341886ce2080d209c3552",
    "songLength": 149706,
    "song_id": "5VQdi4PLP9lmAgrI7t2IUb",
    "song_name": "Durma"
  },
  {
    "artist_name": "Diplo",
    "picture": "https://i.scdn.co/image/ab67616d0000b273dad2ee9a5770f4e66d13925f",
    "songLength": 175161,
    "song_id": "5PIhpG2ax06QpBLRqlYQql",
    "song_name": "42"
  },
  {
    "artist_name": "Loud Luxury",
    "picture": "https://i.scdn.co/image/ab67616d0000b2730fc11ba250791f153e7218a9",
    "songLength": 156093,
    "song_id": "3KtqBwqDbjxjXmJQ2gmtzW",
    "song_name": "Young & Foolish"
  },
  {
    "artist_name": "Lana Del Rey",
    "picture": "https://i.scdn.co/image/ab67616d0000b273c6c1ca8d317e97873de0cbeb",
    "songLength": 166676,
    "song_id": "7qF0FfuzBFwMe1lNHkEDxW",
    "song_name": "Take Me Home, Country Roads"
  },
  {
    "artist_name": "Calvin Harris",
    "picture": "https://i.scdn.co/image/ab67616d0000b273208d333c003f407c4a49e74d",
    "songLength": 187500,
    "song_id": "6r9VRGD1Z1L2D4SqcKyT9T",
    "song_name": "Desire - Calvin Harris VIP Mix"
  },
  {
    "artist_name": "Perdenin Ard\u0131ndakiler",
    "picture": "https://i.scdn.co/image/ab67616d0000b27312bafe7909ba4a4fccb3943a",
    "songLength": 180760,
    "song_id": "6DYITgvr1WXfsFEDbbaZeV",
    "song_name": "G\u00f6nl\u00fcme H\u00fckmedemem"
  },
  {
    "artist_name": "Nora En Pure",
    "picture": "https://i.scdn.co/image/ab67616d0000b27307084df89a3237d4b1df3229",
    "songLength": 186666,
    "song_id": "6D11LKlEYTF9URakCVjhvO",
    "song_name": "Emerald Skies"
  },
  {
    "artist_name": "DJ Snake",
    "picture": "https://i.scdn.co/image/ab67616d0000b273d905e78cad304de028db39b7",
    "songLength": 213733,
    "song_id": "67awxiNHNyjMXhVgsHuIrs",
    "song_name": "Turn Down for What"
  },
  {
    "artist_name": "Fall Out Boy",
    "picture": "https://i.scdn.co/image/ab67616d0000b273483a98632e23f6d2623ab75c",
    "songLength": 204506,
    "song_id": "4yXNMbZrsFJbPTH0WfhwEB",
    "song_name": "Young Volcanoes"
  },
  {
    "artist_name": "Vance Joy",
    "picture": "https://i.scdn.co/image/ab67616d0000b2736df56a03f7f09b64eb9a5a9e",
    "songLength": 204280,
    "song_id": "1KqlVt63Q4bl1VdSlymr5C",
    "song_name": "Riptide"
  },
  {
    "artist_name": "Robin Thicke",
    "picture": "https://i.scdn.co/image/ab67616d0000b2733f7774e89198e37dd098edc7",
    "songLength": 263053,
    "song_id": "0XzkemXSiXJa7VgDFPfU4S",
    "song_name": "Blurred Lines"
  },
  {
    "artist_name": "Blind Melon",
    "picture": "https://i.scdn.co/image/ab67616d0000b273eaac35c468ad5034241c86ad",
    "songLength": 217800,
    "song_id": "4ptSL1o2pRgNvrC4wsN1Pl",
    "song_name": "No Rain - Remastered 2002"
  },
  {
    "artist_name": "Paramore",
    "picture": "https://i.scdn.co/image/ab67616d0000b273bee754528c08d5ff6799a1eb",
    "songLength": 211520,
    "song_id": "6SpLc7EXZIPpy0sVko0aoU",
    "song_name": "Misery Business"
  },
  {
    "artist_name": "Macklemore & Ryan Lewis",
    "picture": "https://i.scdn.co/image/ab67616d0000b2731cdc7eab166fcbfcaf8be8f6",
    "songLength": 235613,
    "song_id": "1CmUZGtH29Kx36C1Hleqlz",
    "song_name": "Thrift Shop (feat. Wanz)"
  },
  {
    "artist_name": "Maroon 5",
    "picture": "https://i.scdn.co/image/ab67616d0000b27317b3850d758fff5a2301e537",
    "songLength": 244866,
    "song_id": "1YI0uK36eupTmw9F8kHysr",
    "song_name": "Sunday Morning"
  },
  {
    "artist_name": "Air Traffic Controller",
    "picture": "https://i.scdn.co/image/ab67616d0000b27342c3fa664095c2ae4df1ede8",
    "songLength": 240680,
    "song_id": "099TPpEaCSjEwysWZeTZv1",
    "song_name": "You Know Me"
  },
  {
    "artist_name": "M83",
    "picture": "https://i.scdn.co/image/ab67616d0000b2738a11818dd00b24effd1545f4",
    "songLength": 243960,
    "song_id": "4kO7mrAPfqIrsKwUOK5BFx",
    "song_name": "Midnight City"
  },
  {
    "artist_name": "Will Smith",
    "picture": "https://i.scdn.co/image/ab67616d0000b273ddf2f9edabd166c60047e3c4",
    "songLength": 227933,
    "song_id": "0weAUscowxeqDtpCgtbpgp",
    "song_name": "Gettin' Jiggy Wit It"
  },
  {
    "artist_name": "The Goo Goo Dolls",
    "picture": "https://i.scdn.co/image/ab67616d0000b273d54c4b12c9242bda37f4bb25",
    "songLength": 289906,
    "song_id": "6vrUTGn5p8IrfTZ0J6sIVM",
    "song_name": "Iris"
  },
  {
    "artist_name": "The Fray",
    "picture": "https://i.scdn.co/image/ab67616d0000b27359b8b957f164ce660919f1f4",
    "songLength": 262533,
    "song_id": "5fVZC9GiM4e8vu99W0Xf6J",
    "song_name": "How to Save a Life"
  },
  {
    "artist_name": "Coldplay",
    "picture": "https://i.scdn.co/image/ab67616d0000b273de09e02aa7febf30b7c02d82",
    "songLength": 307879,
    "song_id": "0BCPKOYdS2jbQ8iyB56Zns",
    "song_name": "Clocks"
  },
  {
    "artist_name": "The National",
    "picture": "https://i.scdn.co/image/ab67616d0000b273dde1a49f8cdfdeffc14b8b85",
    "songLength": 245240,
    "song_id": "7rbCL7W893Zonbfnevku5s",
    "song_name": "I Need My Girl"
  },
  {
    "artist_name": "The Cardigans",
    "picture": "https://i.scdn.co/image/ab67616d0000b273bbed791537e764e79ac51791",
    "songLength": 198240,
    "song_id": "6vvYOBxKmCvUSEQgxdZiAq",
    "song_name": "Lovefool - Radio Edit"
  },
  {
    "artist_name": "Secondhand Serenade",
    "picture": "https://i.scdn.co/image/ab67616d0000b273dda4610c84728d934a150575",
    "songLength": 326733,
    "song_id": "0h8ox6T2skSh3eJb0QxrEl",
    "song_name": "Goodbye"
  },
  {
    "artist_name": "Uncle Kracker",
    "picture": "https://i.scdn.co/image/ab67616d0000b2739bb9d6d8e7b6c83dc435e51c",
    "songLength": 218439,
    "song_id": "4KoecuyOpZaNFZ0UqVsllc",
    "song_name": "Follow Me"
  },
  {
    "artist_name": "David Guetta",
    "picture": "https://i.scdn.co/image/ab67616d0000b2735c8cfe4b2c4aa89c9c92108e",
    "songLength": 245040,
    "song_id": "0TDLuuLlV54CkRRUOahJb4",
    "song_name": "Titanium (feat. Sia)"
  },
  {
    "artist_name": "Rihanna",
    "picture": "https://i.scdn.co/image/ab67616d0000b273ad4ef80be7f5e15d64ac5c25",
    "songLength": 267080,
    "song_id": "6tXjP6xgPJ7Xr1igrO6bOE",
    "song_name": "Don't Stop The Music"
  },
  {
    "artist_name": "Taylor Swift",
    "picture": "https://i.scdn.co/image/ab67616d0000b27396384c98ac4f3e7c2440f5b5",
    "songLength": 327893,
    "song_id": "4XMP3zVxrnr58T0tjIHvpR",
    "song_name": "All Too Well"
  },
  {
    "artist_name": "Rihanna",
    "picture": "https://i.scdn.co/image/ab67616d0000b2732ed326786e4c61c6b1dbf222",
    "songLength": 251613,
    "song_id": "0uIGzK6ukV0A5yWoCxPkRL",
    "song_name": "California King Bed"
  },
  {
    "artist_name": "Blue Foundation",
    "picture": "https://i.scdn.co/image/ab67616d0000b273548c725cf5e40c2dcbed9ff6",
    "songLength": 302826,
    "song_id": "4w3zR0z2oqv8ijhOkTnRvT",
    "song_name": "Eyes on Fire"
  },
  {
    "artist_name": "Of Mice & Men",
    "picture": "https://i.scdn.co/image/ab67616d0000b273d87b1e844342432f66ef9e41",
    "songLength": 212026,
    "song_id": "42i1pGtSyPVXNX71oW8dyg",
    "song_name": "When You Can't Sleep At Night"
  },
  {
    "artist_name": "The Neighbourhood",
    "picture": "https://i.scdn.co/image/ab67616d0000b2737177fb5667cdafd34b871257",
    "songLength": 240040,
    "song_id": "4pGqFOfzvfe6avb9kbZicC",
    "song_name": "Sweater Weather"
  },
  {
    "artist_name": "Birdy",
    "picture": "https://i.scdn.co/image/ab67616d0000b273fc1a1f3264b7f59d423cf3f6",
    "songLength": 252106,
    "song_id": "4N5TCcb3z1emeqmg5JCCI3",
    "song_name": "Wings"
  },
  {
    "artist_name": "Miley Cyrus",
    "picture": "https://i.scdn.co/image/ab67616d0000b273883179d0260c3d2faf3a3d4b",
    "songLength": 232466,
    "song_id": "5ve0BYRZZ2aoHFqZMxqYgt",
    "song_name": "We Can't Stop"
  },
  {
    "artist_name": "Whitney Houston",
    "picture": "https://i.scdn.co/image/ab67616d0000b273456c0b5d0316a80dc600802e",
    "songLength": 271093,
    "song_id": "4eHbdreAnSOrDDsFfc4Fpm",
    "song_name": "I Will Always Love You"
  },
  {
    "artist_name": "Avril Lavigne",
    "picture": "https://i.scdn.co/image/ab67616d0000b273f7ec724fbf97a30869d06240",
    "songLength": 244506,
    "song_id": "5xEM5hIgJ1jjgcEBfpkt2F",
    "song_name": "Complicated"
  },
  {
    "artist_name": "Ingrid Michaelson",
    "picture": "https://i.scdn.co/image/ab67616d0000b273866dc0fd5fbfd51fd4c50919",
    "songLength": 194026,
    "song_id": "2yuea8dOVphJMCEZOlnyKf",
    "song_name": "Can't Help Falling In Love (Recorded Live at Daytrotter)"
  },
  {
    "artist_name": "Lupe Fiasco",
    "picture": "https://i.scdn.co/image/ab67616d0000b2734b9f3b34399b7ae4cc7a45be",
    "songLength": 250320,
    "song_id": "1hWYT0w2R0J19rlVkiez7X",
    "song_name": "Battle Scars (with Guy Sebastian)"
  },
  {
    "artist_name": "Pharrell Williams",
    "picture": "https://i.scdn.co/image/ab67616d0000b27399140a62d43aec760f6172a2",
    "songLength": 233305,
    "song_id": "6NPVjNh8Jhru9xOmyQigds",
    "song_name": "Happy"
  },
  {
    "artist_name": "Train",
    "picture": "https://i.scdn.co/image/ab67616d0000b2735d3e2c61526cb8e62a6a341d",
    "songLength": 205453,
    "song_id": "0VZ9xPNa6ROafP6GYYuv2S",
    "song_name": "Marry Me"
  },
  {
    "artist_name": "2CELLOS",
    "picture": "https://i.scdn.co/image/ab67616d0000b27317e87bd1883b554c7bb511b1",
    "songLength": 291413,
    "song_id": "1uC8D2peyTZAL8NjfnBj1D",
    "song_name": "With Or Without You"
  },
  {
    "artist_name": "Jessie J",
    "picture": "https://i.scdn.co/image/ab67616d0000b2737805aebd5a39023d553ada3a",
    "songLength": 231840,
    "song_id": "2fQxE0jVrjNMT9oJAXtSJR",
    "song_name": "Domino"
  },
  {
    "artist_name": "fun.",
    "picture": "https://i.scdn.co/image/ab67616d0000b27305fb4e9947c6edaf3836766e",
    "songLength": 286706,
    "song_id": "5QbQ5iAebksB5Wj5BPazNX",
    "song_name": "Why Am I the One"
  },
  {
    "artist_name": "Bon Iver",
    "picture": "https://i.scdn.co/image/ab67616d0000b273f68c287d90dce06539309986",
    "songLength": 262079,
    "song_id": "6oeuEHxwfbqu5xIJrcbPzN",
    "song_name": "Perth"
  },
  {
    "artist_name": "Alicia Keys",
    "picture": "https://i.scdn.co/image/ab67616d0000b27356ff19308ebeb48e2ba6094b",
    "songLength": 228706,
    "song_id": "3XVBdLihbNbxUwZosxcGuJ",
    "song_name": "If I Ain't Got You"
  },
  {
    "artist_name": "Labrinth",
    "picture": "https://i.scdn.co/image/ab67616d0000b273d9370e27abe3de676c56873a",
    "songLength": 271813,
    "song_id": "2EcsgXlxz99UMDSPg5T8RF",
    "song_name": "Beneath Your Beautiful (feat. Emeli Sand\u00e9)"
  },
  {
    "artist_name": "OneRepublic",
    "picture": "https://i.scdn.co/image/ab67616d0000b2739e530c594c5ea6ce379387b1",
    "songLength": 214066,
    "song_id": "0AhRPDuVwHkLAACbPXidb3",
    "song_name": "If I Lose Myself - Alesso vs OneRepublic"
  },
  {
    "artist_name": "Ed Sheeran",
    "picture": "https://i.scdn.co/image/ab67616d0000b2736567a393a964a845a89b7f70",
    "songLength": 179880,
    "song_id": "0obzwoGjXdORtAwYWZ9s53",
    "song_name": "Grade 8"
  },
  {
    "artist_name": "Vitamin String Quartet",
    "picture": "https://i.scdn.co/image/ab67616d0000b273c1b4a9e2df06b186cb84c077",
    "songLength": 256120,
    "song_id": "07g8LrnpOgV1BJg4ezJ5gf",
    "song_name": "Don\u2019t Stop Believin\u2019"
  },
  {
    "artist_name": "B.o.B",
    "picture": "https://i.scdn.co/image/ab67616d0000b273484d121f0e2d2caf87d5d10b",
    "songLength": 180480,
    "song_id": "6lV2MSQmRIkycDScNtrBXO",
    "song_name": "Airplanes (feat. Hayley Williams of Paramore)"
  },
  {
    "artist_name": "Lilly Wood and The Prick",
    "picture": "https://i.scdn.co/image/ab67616d0000b2730538d5d965798a403219a470",
    "songLength": 189413,
    "song_id": "5fnA9mkIfScSqHIpeDyvck",
    "song_name": "Prayer in C - Robin Schulz Radio Edit"
  },
  {
    "artist_name": "Imagine Dragons",
    "picture": "https://i.scdn.co/image/ab67616d0000b273b2b2747c89d2157b0b29fb6a",
    "songLength": 241426,
    "song_id": "46bkeaB7DA45q7PdKWLFkR",
    "song_name": "Amsterdam"
  },
  {
    "artist_name": "Coldplay",
    "picture": "https://i.scdn.co/image/ab67616d0000b273de0cd11d7b31c3bd1fd5983d",
    "songLength": 278719,
    "song_id": "6nek1Nin9q48AVZcWs9e9D",
    "song_name": "Paradise"
  },
  {
    "artist_name": "Broken Bells",
    "picture": "https://i.scdn.co/image/ab67616d0000b273e198b6b9c5bfe013458e8ec9",
    "songLength": 232200,
    "song_id": "5cwN1htZyoWqZCc33f3RfE",
    "song_name": "The High Road"
  },
  {
    "artist_name": "Of Monsters and Men",
    "picture": "https://i.scdn.co/image/ab67616d0000b273cb3f67e8026e2e493a1e8262",
    "songLength": 278373,
    "song_id": "5g7rJvWYVrloJZwKiShqlS",
    "song_name": "Dirty Paws"
  },
  {
    "artist_name": "Calvin Harris",
    "picture": "https://i.scdn.co/image/ab67616d0000b273dcef905cb144d4867119850b",
    "songLength": 206413,
    "song_id": "1gihuPhrLraKYrJMAEONyc",
    "song_name": "Feel So Close - Radio Edit"
  }
]
