[
  {
    "name": "Zeey + 6 others",
    "playlistID": "37i9dQZF1EJG9CeXAz76yo",
    "playlistPic": "https://blend-playlist-covers.spotifycdn.com/group-blends-v1/group-blend-red-2-LARGE-en.jpg",
    "songNumber": 50
  },
  {
    "name": "7. \u00e7alma listem",
    "playlistID": "7Hl4SLkowFOcAdy4tP3Lwt",
    "playlistPic": "https://mosaic.scdn.co/640/ab67616d0000b2734cbc369dfea4e2c9e2a08955ab67616d0000b27350125cb4e0932908b81e1d89ab67616d0000b27384390abe83b82b054a35bf03ab67616d0000b2739b6ac98a52f62d5cb473da40",
    "songNumber": 52
  },
  {
    "name": "Hours after you go to bed ",
    "playlistID": "12gXBgQJcQviUtc24vlSU6",
    "playlistPic": "https://image-cdn-ak.spotifycdn.com/image/ab67706c0000bebb08e01424d49d415ae8a037df",
    "songNumber": 62
  },
  {
    "name": "Sila + Swarley + Zeey",
    "playlistID": "37i9dQZF1EJISRb3HRHN1f",
    "playlistPic": "https://blend-playlist-covers.spotifycdn.com/group-blends-v1/group-blend-green-2-LARGE-en.jpg",
    "songNumber": 50
  },
  {
    "name": "24. \u00e7alma listem",
    "playlistID": "5oyfoRt23Rx3ssLZjrxrbA",
    "playlistPic": "https://mosaic.scdn.co/640/ab67616d0000b273044a5466dac00f7b3c570b99ab67616d0000b27390b4e1905b1fc48c537ec053ab67616d0000b273b13b4a434585f484548e42c9ab67616d0000b273dbc47f8bae404ce15ffd055e",
    "songNumber": 58
  },
  {
    "name": "if all of this was a dream you were the best part",
    "playlistID": "7BkDgujYCRLirV13ptBmKe",
    "playlistPic": "https://image-cdn-ak.spotifycdn.com/image/ab67706c0000bebb13f3bb982255e7f758cff798",
    "songNumber": 107
  },
  {
    "name": "The Moon Is Beautiful, Isn\u2019t It?",
    "playlistID": "02tK0uxgl4IuTg01wE3c3t",
    "playlistPic": "https://image-cdn-ak.spotifycdn.com/image/ab67706c0000bebb62211617826ccb38308e120e",
    "songNumber": 140
  },
  {
    "name": "I love your titties cause they prove I can focus on two things at once",
    "playlistID": "4oYjcEfDeWGwHhjVnUnuWy",
    "playlistPic": "https://image-cdn-ak.spotifycdn.com/image/ab67706c0000bebbbb8805ab13dcb7ebb700a01c",
    "songNumber": 77
  },
  {
    "name": "Who was in Paris ?",
    "playlistID": "4Qbt9Uq58L8mdyvHB2yA0v",
    "playlistPic": "https://image-cdn-fa.spotifycdn.com/image/ab67706c0000bebbe2f4b226e9875c3525a9ca9c",
    "songNumber": 116
  },
  {
    "name": "Halil + Zeey",
    "playlistID": "37i9dQZF1EJxNGR3LHV7c6",
    "playlistPic": "https://blend-playlist-covers.spotifycdn.com/v2/blend_LARGE-pink-red-en.jpg",
    "songNumber": 50
  }
]
